Model,MSE,MAE,R²
Linear Regression,0.003951866652339951,0.05192888076954667,0.8879461864283523
Decision Tree,0.02104140094176916,0.10461338531513974,0.40337834602308054
Random Forest,0.01833465453757851,0.10897335932423645,0.4801272051429394
Gradient Boosting,0.02174940521259841,0.1124772101797525,0.3833031295365992
