Year,Overall Dropout Rate (%)
2013,0.6628679962013295
2014,0.6011396011396011
2015,0.4776828110161443
2016,0.4776828110161443
2017,0.41595441595441585
2018,0.34472934472934463
2019,0.2972459639126305
2020,0.23551756885090208
2021,0.19563152896486213
